{"rib.20160101.0000.pkl": {"#edge": 125155, "#node": 53019, "#asn_CN": 324, "#asn_US": 16364, "#as_fronteira_CN": 50, "#as_fronteira_US": 70, "betweenness_CN": 0.035995118096555034, "betweenness_US": 1.19378627155635, "#direct_connections": 156}, "rib.20160501.0000.pkl": {"#edge": 131741, "#node": 54258, "#asn_CN": 352, "#asn_US": 16527, "#as_fronteira_CN": 52, "#as_fronteira_US": 71, "betweenness_CN": 0.019138955954873242, "betweenness_US": 1.2321219414919813, "#direct_connections": 168}, "rib.20160901.0000.pkl": {"#edge": 136382, "#node": 55385, "#asn_CN": 369, "#asn_US": 16641, "#as_fronteira_CN": 56, "#as_fronteira_US": 71, "betweenness_CN": 0.0342600548784183, "betweenness_US": 1.2754603025651545, "#direct_connections": 182}, "rib.20170101.0000.pkl": {"#edge": 139267, "#node": 56472, "#asn_CN": 364, "#asn_US": 16734, "#as_fronteira_CN": 59, "#as_fronteira_US": 78, "betweenness_CN": 0.008759865094118658, "betweenness_US": 1.2530289693610586, "#direct_connections": 198}, "rib.20170501.0000.pkl": {"#edge": 141792, "#node": 57714, "#asn_CN": 379, "#asn_US": 16888, "#as_fronteira_CN": 63, "#as_fronteira_US": 78, "betweenness_CN": 0.02138470137664432, "betweenness_US": 1.2042622463589232, "#direct_connections": 203}, "rib.20170901.0000.pkl": {"#edge": 143745, "#node": 58990, "#asn_CN": 384, "#asn_US": 16997, "#as_fronteira_CN": 63, "#as_fronteira_US": 75, "betweenness_CN": 0.0093908952731786, "betweenness_US": 1.1836735230989777, "#direct_connections": 201}, "rib.20180101.0000.pkl": {"#edge": 147528, "#node": 60178, "#asn_CN": 400, "#asn_US": 17112, "#as_fronteira_CN": 61, "#as_fronteira_US": 79, "betweenness_CN": 0.020297058712384533, "betweenness_US": 1.226346002415207, "#direct_connections": 206}, "rib.20180501.0000.pkl": {"#edge": 148006, "#node": 61474, "#asn_CN": 415, "#asn_US": 17217, "#as_fronteira_CN": 65, "#as_fronteira_US": 81, "betweenness_CN": 0.014325307509145943, "betweenness_US": 1.2106831811724041, "#direct_connections": 213}, "rib.20180901.0000.pkl": {"#edge": 147612, "#node": 62478, "#asn_CN": 439, "#asn_US": 17276, "#as_fronteira_CN": 67, "#as_fronteira_US": 80, "betweenness_CN": 0.03934927253072553, "betweenness_US": 1.2272257466467944, "#direct_connections": 211}, "rib.20190101.0000.pkl": {"#edge": 150304, "#node": 63524, "#asn_CN": 440, "#asn_US": 17372, "#as_fronteira_CN": 71, "#as_fronteira_US": 81, "betweenness_CN": 0.029596464363069817, "betweenness_US": 1.2161531715925253, "#direct_connections": 214}, "rib.20190501.0000.pkl": {"#edge": 153431, "#node": 64813, "#asn_CN": 463, "#asn_US": 17516, "#as_fronteira_CN": 77, "#as_fronteira_US": 82, "betweenness_CN": 0.011459314237272053, "betweenness_US": 1.1780675438408628, "#direct_connections": 215}, "rib.20190901.0000.pkl": {"#edge": 157331, "#node": 66210, "#asn_CN": 507, "#asn_US": 17627, "#as_fronteira_CN": 76, "#as_fronteira_US": 75, "betweenness_CN": 0.013629187895177681, "betweenness_US": 1.1172581568431879, "#direct_connections": 207}, "rib.20200101.0000.pkl": {"#edge": 159489, "#node": 67487, "#asn_CN": 497, "#asn_US": 17773, "#as_fronteira_CN": 78, "#as_fronteira_US": 74, "betweenness_CN": 0.012739980829494752, "betweenness_US": 1.0922845059143043, "#direct_connections": 209}, "rib.20200501.0000.pkl": {"#edge": 160354, "#node": 68737, "#asn_CN": 514, "#asn_US": 17903, "#as_fronteira_CN": 84, "#as_fronteira_US": 73, "betweenness_CN": 0.0279287105072643, "betweenness_US": 1.1305633264441106, "#direct_connections": 211}, "rib.20200901.0000.pkl": {"#edge": 162741, "#node": 70105, "#asn_CN": 536, "#asn_US": 17996, "#as_fronteira_CN": 78, "#as_fronteira_US": 76, "betweenness_CN": 0.01358426351126729, "betweenness_US": 1.0614254550985032, "#direct_connections": 199}, "rib.20210101.0000.pkl": {"#edge": 167026, "#node": 71048, "#asn_CN": 570, "#asn_US": 18107, "#as_fronteira_CN": 78, "#as_fronteira_US": 71, "betweenness_CN": 0.012758446285085889, "betweenness_US": 1.0254725923942283, "#direct_connections": 191}, "rib.20210501.0000.pkl": {"#edge": 169996, "#node": 72054, "#asn_CN": 592, "#asn_US": 18198, "#as_fronteira_CN": 78, "#as_fronteira_US": 75, "betweenness_CN": 0.023515251170501142, "betweenness_US": 1.0917676444880913, "#direct_connections": 211}, "rib.20210901.0000.pkl": {"#edge": 170029, "#node": 72683, "#asn_CN": 593, "#asn_US": 18274, "#as_fronteira_CN": 81, "#as_fronteira_US": 72, "betweenness_CN": 0.013779603545465983, "betweenness_US": 1.1403068333124056, "#direct_connections": 203}, "rib.20220101.0000.pkl": {"#edge": 171689, "#node": 73259, "#asn_CN": 597, "#asn_US": 18255, "#as_fronteira_CN": 80, "#as_fronteira_US": 72, "betweenness_CN": 0.012016982413655307, "betweenness_US": 1.1995588842517313, "#direct_connections": 200}, "rib.20220501.0000.pkl": {"#edge": 175371, "#node": 73836, "#asn_CN": 604, "#asn_US": 18329, "#as_fronteira_CN": 87, "#as_fronteira_US": 72, "betweenness_CN": 0.023472723998386767, "betweenness_US": 1.215686270985394, "#direct_connections": 209}, "rib.20220901.0000.pkl": {"#edge": 175052, "#node": 74367, "#asn_CN": 592, "#asn_US": 18387, "#as_fronteira_CN": 85, "#as_fronteira_US": 71, "betweenness_CN": 0.028137029788963902, "betweenness_US": 1.1614198846851949, "#direct_connections": 211}, "rib.20230101.0000.pkl": {"#edge": 173879, "#node": 74833, "#asn_CN": 587, "#asn_US": 18380, "#as_fronteira_CN": 81, "#as_fronteira_US": 73, "betweenness_CN": 0.02189611625729396, "betweenness_US": 1.159691196932224, "#direct_connections": 205}, "rib.20230501.0000.pkl": {"#edge": 173071, "#node": 75069, "#asn_CN": 586, "#asn_US": 18346, "#as_fronteira_CN": 84, "#as_fronteira_US": 70, "betweenness_CN": 0.021302104181307194, "betweenness_US": 1.184478338539352, "#direct_connections": 207}, "rib.20230901.0000.pkl": {"#edge": 175553, "#node": 75721, "#asn_CN": 586, "#asn_US": 18420, "#as_fronteira_CN": 86, "#as_fronteira_US": 71, "betweenness_CN": 0.011824426660299077, "betweenness_US": 1.1584355979529017, "#direct_connections": 209}, "rib.20240101.0000.pkl": {"#edge": 176515, "#node": 75860, "#asn_CN": 580, "#asn_US": 18355, "#as_fronteira_CN": 86, "#as_fronteira_US": 74, "betweenness_CN": 0.01035069415937084, "betweenness_US": 1.0684235907865762, "#direct_connections": 210}, "rib.20240501.0000.pkl": {"#edge": 174643, "#node": 76432, "#asn_CN": 580, "#asn_US": 18397, "#as_fronteira_CN": 87, "#as_fronteira_US": 77, "betweenness_CN": 0.021500297106505868, "betweenness_US": 1.0767846769727807, "#direct_connections": 219}, "rib.20240901.0000.pkl": {"#edge": 172991, "#node": 76675, "#asn_CN": 564, "#asn_US": 18375, "#as_fronteira_CN": 87, "#as_fronteira_US": 72, "betweenness_CN": 0.009565285490996405, "betweenness_US": 1.1404249864253382, "#direct_connections": 215}, "rib.20250101.0000.pkl": {"#edge": 176977, "#node": 77098, "#asn_CN": 590, "#asn_US": 18432, "#as_fronteira_CN": 97, "#as_fronteira_US": 74, "betweenness_CN": 0.009843231134576755, "betweenness_US": 1.0496652901800787, "#direct_connections": 226}, "rib.20250501.0000.pkl": {"#edge": 174398, "#node": 77387, "#asn_CN": 563, "#asn_US": 18434, "#as_fronteira_CN": 100, "#as_fronteira_US": 68, "betweenness_CN": 0.019890887012641627, "betweenness_US": 1.1194612725752098, "#direct_connections": 224}, "rib.20250901.0000.pkl": {"#edge": 178922, "#node": 77839, "#asn_CN": 572, "#asn_US": 18460, "#as_fronteira_CN": 102, "#as_fronteira_US": 64, "betweenness_CN": 0.018877594645510372, "betweenness_US": 1.1206894921308883, "#direct_connections": 224}, "rib.20260101.0000.pkl": {"#edge": 166436, "#node": 78184, "#asn_CN": 562, "#asn_US": 18509, "#as_fronteira_CN": 106, "#as_fronteira_US": 70, "betweenness_CN": 0.008551469122607128, "betweenness_US": 1.166761389290736, "#direct_connections": 227}, "rib.20260501.0000.pkl": {"#edge": 166704, "#node": 78843, "#asn_CN": 570, "#asn_US": 18481, "#as_fronteira_CN": 106, "#as_fronteira_US": 68, "betweenness_CN": 0.008674432904444696, "betweenness_US": 1.1925898859512578, "#direct_connections": 221}}